Boston College, https://bceagles.com/sports/mens-ice-hockey/schedule
Michigan State, https://msuspartans.com/sports/mens-ice-hockey/schedule
Maine, https://goblackbears.com/sports/mens-ice-hockey/schedule
Western Michigan, https://wmubroncos.com/sports/mens-ice-hockey/schedule
Minnesota, https://gophersports.com/sports/mens-ice-hockey/schedule
UConn, https://uconnhuskies.com/sports/mens-ice-hockey/schedule
Boston University, 	https://goterriers.com/sports/mens-ice-hockey/schedule
Providence, https://friars.com/sports/mens-ice-hockey/schedule
Denver, https://denverpioneers.com/sports/mens-ice-hockey/schedule
Ohio State, https://ohiostatebuckeyes.com/sports/mens-ice-hockey/schedule
UMass, https://umassathletics.com/sports/mens-ice-hockey/schedule
Quinnipiac, https://gobobcats.com/sports/mens-ice-hockey/schedule
Penn State, https://gopsusports.com/sports/mens-ice-hockey/schedule
Minnesota State, https://msumavericks.com/sports/mens-ice-hockey/schedule
Michigan, https://mgoblue.com/sports/mens-ice-hockey/schedule
Arizona State, https://thesundevils.com/sports/ice-hockey/schedule
Cornell, https://cornellbigred.com/sports/mens-ice-hockey/schedule
North Dakota, https://fightinghawks.com/sports/mens-ice-hockey/schedule
UMass Lowell, https://goriverhawks.com/sports/mens-ice-hockey/schedule
Clarkson, https://clarksonathletics.com/sports/mens-ice-hockey/schedule
New Hampshire, https://unhwildcats.com/sports/mens-ice-hockey/schedule
Bentley, https://bentleyfalcons.com/sports/mens-ice-hockey/schedule
Dartmouth, https://dartmouthsports.com/sports/mens-ice-hockey/schedule
Northeastern, https://nuhuskies.com/sports/mens-ice-hockey/schedule
LIU, https://www.liuathletics.com/sports/mens-ice-hockey/schedule
Holy Cross, https://goholycross.com/sports/mens-ice-hockey/schedule
Sacred Heart, https://sacredheartpioneers.com/sports/mens-ice-hockey/schedule
Wisconsin, https://uwbadgers.com/sports/mens-ice-hockey/schedule
Colgate, https://colgateathletics.com/sports/mens-ice-hockey/schedule
Omaha, https://omavs.com/sports/mens-ice-hockey/schedule
St. Thomas, https://tommiesports.com/sports/mhockey/schedule
Merrimack, https://merrimackathletics.com/sports/mens-ice-hockey/schedule
Colorado College, https://cctigers.com/sports/mens-ice-hockey/schedule
Vermont, https://uvmathletics.com/sports/mens-ice-hockey/schedule
Augustana, https://goaugie.com/sports/mens-hockey/schedule
St. Cloud State, https://scsuhuskies.com/sports/mens-ice-hockey/schedule
Union (NY), https://unionathletics.com/sports/mens-ice-hockey/schedule
Harvard, https://gocrimson.com/sports/mens-ice-hockey/schedule
Bowling Green, https://bgsufalcons.com/sports/mens-ice-hockey/schedule
Alaska Fairbanks, https://alaskananooks.com/sports/mens-ice-hockey/schedule
Notre Dame, https://fightingirish.com/sports/mhockey/schedule/
Minnesota Duluth, https://umdbulldogs.com/sports/mens-ice-hockey/schedule
Princeton, https://goprincetontigers.com/sports/mens-ice-hockey/schedule
Brown, https://brownbears.com/sports/mens-ice-hockey/schedule
Michigan Tech, https://michigantechhuskies.com/sports/mens-ice-hockey/schedule
Bemidji State, https://bsubeavers.com/sports/mens-ice-hockey/schedule
Army, https://goarmywestpoint.com/sports/mens-ice-hockey/schedule 
Lake Superior State, https://lssulakers.com/sports/mens-ice-hockey/schedule
Air Force, https://goairforcefalcons.com/sports/mens-ice-hockey/schedule
Rensselaer, https://rpiathletics.com/sports/mens-ice-hockey/schedule
Niagara, https://purpleeagles.com/sports/mens-ice-hockey/schedule
Ferris State, https://www.ferrisstatebulldogs.com/sports/mice/2025-26/schedule
Lindenwood, https://lindenwoodlions.com/sports/mhockey-ncaa/schedule/
St. Lawrence, https://saintsathletics.com/sports/mens-ice-hockey/schedule
Canisius, https://gogriffs.com/sports/mens-ice-hockey/schedule
Yale, https://yalebulldogs.com/sports/mens-ice-hockey/schedule
Robert Morris, https://rmucolonials.com/sports/mens-ice-hockey/schedule/
Alaska Anchorage, https://goseawolves.com/sports/mens-ice-hockey/schedule
Rochester Institute of Technology, https://ritathletics.com/sports/mens-ice-hockey/schedule/
Stonehill, https://stonehillskyhawks.com/sports/mens-ice-hockey/schedule
Northern Michigan, https://nmuwildcats.com/sports/mens-ice-hockey/schedule
Miami (OH), https://miamiredhawks.com/sports/mens-ice-hockey/schedule
Mercyhurst, https://hurstathletics.com/sports/mens-ice-hockey/schedule